{
	"credit": "Made with Blockbench",
	"parent": "block/block",
	"texture_size": [512, 512],
	"textures": {
		"3": "block/luna models/scaftop",
		"4": "block/luna models/wood"
	},
	"elements": [
		{
			"from": [0, 15.99, 0],
			"to": [16, 16, 16],
			"faces": {
				"up": {"uv": [0, 0, 16, 16], "texture": "#3", "cullface": "up"},
				"down": {"uv": [0, 0, 16, 16], "texture": "#3"}
			}
		},
		{
			"from": [0, 1.99, 0],
			"to": [16, 2, 16],
			"faces": {
				"up": {"uv": [0, 0, 16, 16], "texture": "#3", "cullface": "up"},
				"down": {"uv": [0, 0, 16, 16], "texture": "#3"}
			}
		},
		{
			"from": [0, 0, 0],
			"to": [2, 16, 2],
			"faces": {
				"north": {"uv": [14, 0, 16, 16], "texture": "#4", "cullface": "north"},
				"east": {"uv": [14, 0, 16, 16], "texture": "#4"},
				"south": {"uv": [0, 0, 2, 16], "texture": "#4"},
				"west": {"uv": [0, 0, 2, 16], "texture": "#4", "cullface": "west"},
				"down": {"uv": [0, 14, 2, 16], "texture": "#4", "cullface": "down"}
			}
		},
		{
			"from": [0, 0, 14],
			"to": [2, 16, 16],
			"faces": {
				"north": {"uv": [14, 0, 16, 16], "texture": "#4"},
				"east": {"uv": [0, 0, 2, 16], "texture": "#4"},
				"south": {"uv": [0, 0, 2, 16], "texture": "#4", "cullface": "south"},
				"west": {"uv": [14, 0, 16, 16], "texture": "#4", "cullface": "west"},
				"down": {"uv": [0, 0, 2, 2], "texture": "#4", "cullface": "down"}
			}
		},
		{
			"from": [14, 0, 14],
			"to": [16, 16, 16],
			"faces": {
				"north": {"uv": [0, 0, 2, 16], "texture": "#4"},
				"east": {"uv": [0, 0, 2, 16], "texture": "#4", "cullface": "east"},
				"south": {"uv": [14, 0, 16, 16], "texture": "#4", "cullface": "south"},
				"west": {"uv": [14, 0, 16, 16], "texture": "#4"},
				"down": {"uv": [14, 0, 16, 2], "texture": "#4", "cullface": "down"}
			}
		},
		{
			"from": [14, 0, 0],
			"to": [16, 16, 2],
			"faces": {
				"north": {"uv": [0, 0, 2, 16], "texture": "#4", "cullface": "north"},
				"east": {"uv": [14, 0, 16, 16], "texture": "#4", "cullface": "east"},
				"south": {"uv": [14, 0, 16, 16], "texture": "#4"},
				"west": {"uv": [0, 0, 2, 16], "texture": "#4"},
				"down": {"uv": [14, 14, 16, 16], "texture": "#4", "cullface": "down"}
			}
		},
		{
			"from": [2, 14, 0],
			"to": [14, 16, 2],
			"faces": {
				"north": {"uv": [1.625, 14.71875, 13.84375, 16], "texture": "#3", "cullface": "north"},
				"south": {"uv": [2.09375, 0, 14.09375, 1.1875], "texture": "#3"},
				"down": {"uv": [2, 15, 14, 16], "texture": "#3"}
			}
		},
		{
			"from": [2, 0, 0],
			"to": [14, 2, 2],
			"faces": {
				"north": {"uv": [1.625, 14.71875, 13.84375, 16], "texture": "#3", "cullface": "north"},
				"south": {"uv": [2.09375, 0, 14.09375, 1.1875], "texture": "#3"},
				"down": {"uv": [2, 15, 14, 16], "texture": "#3"}
			}
		},
		{
			"from": [2, 14, 14],
			"to": [14, 16, 16],
			"faces": {
				"north": {"uv": [14, 0, 2, 1.1875], "texture": "#3"},
				"south": {"uv": [2.0625, 14.75, 14.0625, 15.875], "texture": "#3", "cullface": "south"},
				"down": {"uv": [2, 0, 14, 1.1875], "texture": "#3"}
			}
		},
		{
			"from": [2, 0, 14],
			"to": [14, 2, 16],
			"faces": {
				"north": {"uv": [14, 0, 2, 1.1875], "texture": "#3"},
				"south": {"uv": [2.0625, 14.75, 14.0625, 15.875], "texture": "#3", "cullface": "south"},
				"down": {"uv": [2, 0, 14, 1.1875], "texture": "#3"}
			}
		},
		{
			"from": [14, 14, 2],
			"to": [16, 16, 14],
			"faces": {
				"east": {"uv": [13.8125, 14.75, 1.8125, 16], "texture": "#3", "cullface": "east"},
				"west": {"uv": [13.65625, 0, 1.65625, 1.1875], "texture": "#3"},
				"down": {"uv": [14.625, 2, 16, 14], "texture": "#3"}
			}
		},
		{
			"from": [14, 0, 2],
			"to": [16, 2, 14],
			"faces": {
				"east": {"uv": [13.8125, 14.75, 1.8125, 16], "texture": "#3", "cullface": "east"},
				"west": {"uv": [13.65625, 0, 1.65625, 1.1875], "texture": "#3"},
				"down": {"uv": [14.625, 2, 16, 14], "texture": "#3"}
			}
		},
		{
			"from": [0, 14, 2],
			"to": [2, 16, 14],
			"faces": {
				"east": {"uv": [2, 0, 14, 1.25], "texture": "#3"},
				"west": {"uv": [13.8125, 14.75, 1.8125, 16], "texture": "#3", "cullface": "west"},
				"down": {"uv": [0, 2, 1.03125, 14], "texture": "#3"}
			}
		},
		{
			"from": [0, 0, 2],
			"to": [2, 2, 14],
			"faces": {
				"east": {"uv": [2, 0, 14, 1.25], "texture": "#3"},
				"west": {"uv": [13.8125, 14.75, 1.8125, 16], "texture": "#3", "cullface": "west"},
				"down": {"uv": [0, 2, 1.03125, 14], "texture": "#3"}
			}
		}
	]
}