{
	"credit": "Made with Blockbench",
	"parent": "tabel",
	"texture_size": [512, 512],
	"textures": {
		"0": "block/luna models/pinkstainedwood",
		"2": "block/luna models/sm",
		"3": "block/luna models/wood",
		"particle": "block/luna models/pinkstainedwood"
	},
	"elements": [
		{
			"from": [0, 0, 0],
			"to": [16, 1, 16],
			"faces": {
				"north": {"uv": [3.46875, 0, 4.1875, 15.5], "rotation": 90, "texture": "#0"},
				"east": {"uv": [0, 0.5, 15.96875, 16], "texture": "#0"},
				"south": {"uv": [1.5, 0.5, 2.5625, 16], "rotation": 90, "texture": "#0"},
				"west": {"uv": [0.03125, 0, 12.3125, 15.96875], "texture": "#0"},
				"up": {"uv": [15.96875, 16, 0, 0], "rotation": 90, "texture": "#0"},
				"down": {"uv": [16, 0, 0.0625, 16], "texture": "#0"}
			}
		},
		{
			"from": [0, 15, 0],
			"to": [16, 16, 16],
			"faces": {
				"north": {"uv": [0, 7.28125, 16, 8.78125], "texture": "#2"},
				"east": {"uv": [0, 0.5, 2.125, 16], "rotation": 90, "texture": "#2"},
				"south": {"uv": [3.90625, 0.84375, 5.375, 15.03125], "rotation": 90, "texture": "#2"},
				"west": {"uv": [3.9375, 0.1875, 5.90625, 15.6875], "rotation": 90, "texture": "#2"},
				"up": {"uv": [16, 16, 0, 0], "texture": "#2"},
				"down": {"uv": [1.5, 0, 1, 0.5], "texture": "#2"}
			}
		},
		{
			"from": [0, 1, 0],
			"to": [1, 15, 1],
			"faces": {
				"north": {"uv": [0.03125, 0.03125, 16, 2.03125], "rotation": 90, "texture": "#2"},
				"east": {"uv": [0.03125, 3.3125, 16.03125, 5.9375], "rotation": 90, "texture": "#2"},
				"south": {"uv": [0.09375, 0.03125, 2.96875, 16], "texture": "#2"},
				"west": {"uv": [0.65625, 12.78125, 16, 16], "rotation": 90, "texture": "#2"},
				"up": {"uv": [0.0625, 0.03125, 0.03125, 0], "texture": "#missing"},
				"down": {"uv": [0.09375, 0, 0.0625, 0.03125], "texture": "#missing"}
			}
		},
		{
			"from": [0, 1, 15],
			"to": [1, 15, 16],
			"faces": {
				"north": {"uv": [12.75, 0.0625, 13.875, 16.03125], "texture": "#2"},
				"east": {"uv": [0, 0.03125, 1.6875, 16], "texture": "#2"},
				"south": {"uv": [0.09375, 0.03125, 3.75, 16], "texture": "#2"},
				"west": {"uv": [0.0625, 0.03125, 1.40625, 16], "texture": "#2"},
				"up": {"uv": [0.0625, 0.03125, 0.03125, 0], "texture": "#missing"},
				"down": {"uv": [0.09375, 0, 0.0625, 0.03125], "texture": "#missing"}
			}
		},
		{
			"from": [15, 1, 15],
			"to": [16, 15, 16],
			"faces": {
				"north": {"uv": [0.03125, 0.03125, 0.0625, 0.46875], "texture": "#2"},
				"east": {"uv": [0, 0.46875, 1.9375, 16], "texture": "#2"},
				"south": {"uv": [0.09375, 0.03125, 1.625, 16], "texture": "#2"},
				"west": {"uv": [0.0625, 0.03125, 2.0625, 16], "texture": "#2"},
				"up": {"uv": [0.0625, 0.03125, 0.03125, 0], "texture": "#2"},
				"down": {"uv": [0.09375, 0, 0.0625, 0.03125], "texture": "#2"}
			}
		},
		{
			"from": [15, 1, 0],
			"to": [16, 15, 1],
			"faces": {
				"north": {"uv": [0, 0.0625, 1.90625, 16.03125], "texture": "#2"},
				"east": {"uv": [11.4375, 0.0625, 12.84375, 16], "texture": "#2"},
				"south": {"uv": [3.875, 0, 5.46875, 15.96875], "texture": "#2"},
				"west": {"uv": [0.0625, 0.03125, 1.75, 16], "texture": "#2"},
				"up": {"uv": [0.0625, 0.03125, 0.03125, 0], "texture": "#2"},
				"down": {"uv": [0.09375, 0, 0.0625, 0.03125], "texture": "#2"}
			}
		},
		{
			"from": [1, 1, 1],
			"to": [15, 4, 15],
			"faces": {
				"north": {"uv": [4.28125, 11.0625, 16, 15.9375], "texture": "#0"},
				"east": {"uv": [0, 0, 1.625, 16], "rotation": 90, "texture": "#0"},
				"south": {"uv": [1.59375, 9.75, 9.8125, 16], "texture": "#0"},
				"west": {"uv": [10.84375, 0, 12.625, 16], "rotation": 90, "texture": "#0"},
				"up": {"uv": [16, 16, 0.4375, 0], "texture": "#0"},
				"down": {"uv": [16, 0, 0.875, 16], "texture": "#0"}
			}
		},
		{
			"from": [1, 4.2, 1],
			"to": [15, 7.2, 15],
			"faces": {
				"north": {"uv": [1.625, 0.03125, 4.15625, 16], "rotation": 90, "texture": "#0"},
				"east": {"uv": [9.84375, 0, 12.5625, 16], "rotation": 90, "texture": "#0"},
				"south": {"uv": [4.15625, 0, 6.78125, 16], "rotation": 90, "texture": "#0"},
				"west": {"uv": [0, 0, 1.6875, 16], "rotation": 90, "texture": "#0"},
				"up": {"uv": [16, 16, 0.4375, 0], "texture": "#0"},
				"down": {"uv": [16, 0, 0.875, 16], "texture": "#0"}
			}
		},
		{
			"from": [1, 7.4, 1],
			"to": [15, 10.4, 15],
			"faces": {
				"north": {"uv": [12.75, 0, 16, 16], "rotation": 90, "texture": "#0"},
				"east": {"uv": [7, 0, 9.6875, 16], "rotation": 90, "texture": "#0"},
				"south": {"uv": [1.5625, 0, 4.21875, 16], "rotation": 90, "texture": "#0"},
				"west": {"uv": [1.6875, 0.03125, 4.15625, 16], "rotation": 90, "texture": "#0"},
				"up": {"uv": [16, 16, 0, 0], "texture": "#0"},
				"down": {"uv": [16, 0, 0, 16], "texture": "#0"}
			}
		},
		{
			"from": [1, 10.4, 1],
			"to": [15, 11.1, 15],
			"faces": {
				"north": {"uv": [0.448, 0.448, 16, 16], "texture": "#2"},
				"east": {"uv": [1.664, 0.16, 2.944, 15.712], "rotation": 90, "texture": "#2"},
				"south": {"uv": [0, 0.46875, 0.8125, 16.03125], "rotation": 90, "texture": "#2"},
				"west": {"uv": [0.864, 0.448, 3.776, 15.648], "rotation": 90, "texture": "#2"},
				"up": {"uv": [0.875, 0.4375, 0.4375, 0], "texture": "#3"},
				"down": {"uv": [1.3125, 0, 0.875, 0.4375], "texture": "#3"}
			}
		},
		{
			"from": [1, 11, 0],
			"to": [15, 15, 1],
			"faces": {
				"north": {"uv": [2, 10.6875, 13.96875, 14.875], "texture": "#2"},
				"east": {"uv": [0, 0.03125, 0.03125, 0.15625], "texture": "#missing"},
				"south": {"uv": [0.5, 0.03125, 0.9375, 0.15625], "texture": "#missing"},
				"west": {"uv": [0.46875, 0.03125, 0.5, 0.15625], "texture": "#missing"},
				"up": {"uv": [0.46875, 0.03125, 0.03125, 0], "texture": "#missing"},
				"down": {"uv": [16, 0, 0.46875, 16], "texture": "#2"}
			}
		},
		{
			"from": [1, 11, 15],
			"to": [15, 15, 16],
			"faces": {
				"north": {"uv": [0.03125, 0.03125, 0.46875, 0.15625], "texture": "#missing"},
				"east": {"uv": [0, 0.03125, 0.03125, 0.15625], "texture": "#missing"},
				"south": {"uv": [3.125, 0.03125, 13.3125, 4.40625], "texture": "#2"},
				"west": {"uv": [0.46875, 0.03125, 0.5, 0.15625], "texture": "#missing"},
				"up": {"uv": [0.46875, 0.03125, 0.03125, 0], "texture": "#missing"},
				"down": {"uv": [14, 0, 0.46875, 11.9375], "texture": "#2"}
			}
		},
		{
			"from": [0, 11, 1],
			"to": [1, 15, 15],
			"faces": {
				"north": {"uv": [0.4375, 0.4375, 0.46875, 0.5625], "texture": "#missing"},
				"east": {"uv": [0, 0.4375, 0.4375, 0.5625], "texture": "#missing"},
				"south": {"uv": [0.90625, 0.4375, 0.9375, 0.5625], "texture": "#missing"},
				"west": {"uv": [0, 3, 16, 10.78125], "texture": "#2"},
				"up": {"uv": [0.46875, 0.4375, 0.4375, 0], "texture": "#missing"},
				"down": {"uv": [5.1875, 0, 0.46875, 16], "texture": "#2"}
			}
		},
		{
			"from": [15, 11, 1],
			"to": [16, 15, 15],
			"faces": {
				"north": {"uv": [0.4375, 0.4375, 0.46875, 0.5625], "texture": "#2"},
				"east": {"uv": [2.3125, 0.46875, 13.25, 16.03125], "texture": "#2"},
				"south": {"uv": [0.90625, 0.4375, 0.9375, 0.5625], "texture": "#2"},
				"west": {"uv": [0.46875, 0.4375, 0.90625, 0.5625], "texture": "#2"},
				"up": {"uv": [0.46875, 0.4375, 0.4375, 0], "texture": "#2"},
				"down": {"uv": [0.5, 0, 0.46875, 0.4375], "texture": "#2"}
			}
		},
		{
			"from": [12, 3, 0.3],
			"to": [12.7, 10, 0.6],
			"faces": {
				"north": {"uv": [0, 0, 2.56, 15.904], "texture": "#3"},
				"east": {"uv": [0, 0, 0.00938, 0.21875], "texture": "#3"},
				"south": {"uv": [0, 0, 0.02187, 0.21875], "texture": "#3"},
				"west": {"uv": [0, 0, 0.00938, 0.21875], "texture": "#3"},
				"up": {"uv": [0, 0, 0.02187, 0.00938], "texture": "#3"},
				"down": {"uv": [0, 0, 0.02187, 0.00938], "texture": "#3"}
			}
		},
		{
			"from": [15.15, 4, 7.2],
			"to": [15.45, 9, 7.7],
			"rotation": {"angle": 0, "axis": "y", "origin": [12.325, 7.5, 0.475]},
			"faces": {
				"north": {"uv": [0, 0, 0.00938, 0.21875], "texture": "#3"},
				"east": {"uv": [0, 0, 1.792, 16], "texture": "#3"},
				"south": {"uv": [0, 0, 0.00938, 0.21875], "texture": "#3"},
				"west": {"uv": [0, 0, 2.56, 15.904], "texture": "#3"},
				"up": {"uv": [0, 0, 0.02187, 0.00938], "rotation": 270, "texture": "#3"},
				"down": {"uv": [0, 0, 0.02187, 0.00938], "rotation": 90, "texture": "#3"}
			}
		},
		{
			"from": [0.15, 4, 7.2],
			"to": [0.45, 9, 7.7],
			"rotation": {"angle": 0, "axis": "y", "origin": [12.325, 7.5, 0.475]},
			"faces": {
				"north": {"uv": [0, 0, 0.00938, 0.21875], "texture": "#3"},
				"east": {"uv": [0, 0, 1.792, 16], "texture": "#3"},
				"south": {"uv": [0, 0, 0.00938, 0.21875], "texture": "#3"},
				"west": {"uv": [0, 0, 2.56, 15.904], "texture": "#3"},
				"up": {"uv": [0, 0, 0.02187, 0.00938], "rotation": 270, "texture": "#3"},
				"down": {"uv": [0, 0, 0.02187, 0.00938], "rotation": 90, "texture": "#3"}
			}
		},
		{
			"from": [15.15, 4, 11.2],
			"to": [15.45, 9, 11.7],
			"rotation": {"angle": 0, "axis": "y", "origin": [12.325, 7.5, 0.475]},
			"faces": {
				"north": {"uv": [0, 0, 0.00938, 0.21875], "texture": "#3"},
				"east": {"uv": [0, 0, 1.792, 16], "texture": "#3"},
				"south": {"uv": [0, 0, 0.00938, 0.21875], "texture": "#3"},
				"west": {"uv": [0, 0, 2.56, 15.904], "texture": "#3"},
				"up": {"uv": [0, 0, 0.02187, 0.00938], "rotation": 270, "texture": "#3"},
				"down": {"uv": [0, 0, 0.02187, 0.00938], "rotation": 90, "texture": "#3"}
			}
		},
		{
			"from": [0.15, 4, 11.2],
			"to": [0.45, 9, 11.7],
			"rotation": {"angle": 0, "axis": "y", "origin": [12.325, 7.5, 0.475]},
			"faces": {
				"north": {"uv": [0, 0, 0.00938, 0.21875], "texture": "#3"},
				"east": {"uv": [0, 0, 1.792, 16], "texture": "#3"},
				"south": {"uv": [0, 0, 0.00938, 0.21875], "texture": "#3"},
				"west": {"uv": [0, 0, 2.56, 15.904], "texture": "#3"},
				"up": {"uv": [0, 0, 0.02187, 0.00938], "rotation": 270, "texture": "#3"},
				"down": {"uv": [0, 0, 0.02187, 0.00938], "rotation": 90, "texture": "#3"}
			}
		},
		{
			"from": [0.5, 4, 4.2],
			"to": [0.8, 7, 4.7],
			"rotation": {"angle": 0, "axis": "y", "origin": [12.325, 7.5, 0.475]},
			"faces": {
				"north": {"uv": [0, 0, 0.00938, 0.21875], "texture": "#3"},
				"east": {"uv": [0, 0, 1.792, 16], "texture": "#3"},
				"south": {"uv": [0, 0, 0.00938, 0.21875], "texture": "#3"},
				"west": {"uv": [0, 0, 2.56, 15.904], "texture": "#3"},
				"up": {"uv": [0, 0, 0.02187, 0.00938], "rotation": 270, "texture": "#3"},
				"down": {"uv": [0, 0, 0.02187, 0.00938], "rotation": 90, "texture": "#3"}
			}
		},
		{
			"from": [4, 3, 15.3],
			"to": [4.7, 10, 15.6],
			"faces": {
				"north": {"uv": [0, 0, 0.02187, 0.21875], "texture": "#3"},
				"east": {"uv": [0, 0, 0.00938, 0.21875], "texture": "#3"},
				"south": {"uv": [2.016, 0, 3.776, 16], "texture": "#3"},
				"west": {"uv": [0, 0, 0.00938, 0.21875], "texture": "#3"},
				"up": {"uv": [0, 0, 0.02187, 0.00938], "texture": "#3"},
				"down": {"uv": [0, 0, 0.02187, 0.00938], "texture": "#3"}
			}
		},
		{
			"from": [10.3, 7.5, 0],
			"to": [14.3, 9.5, 1],
			"faces": {
				"north": {"uv": [0, 0, 2.46875, 15.96875], "rotation": 90, "texture": "#2"},
				"east": {"uv": [0, 0, 16, 3.90625], "texture": "#2"},
				"south": {"uv": [0, 0, 16, 2.9375], "texture": "#2"},
				"west": {"uv": [0, 0, 16, 6.4375], "texture": "#2"},
				"up": {"uv": [0, 0, 16, 5.15625], "texture": "#2"},
				"down": {"uv": [0, 0, 16, 6.1875], "texture": "#2"}
			}
		},
		{
			"from": [14.85, 6.9, 6.5],
			"to": [15.85, 8.9, 9.5],
			"rotation": {"angle": 0, "axis": "y", "origin": [12.325, 7.5, 0.475]},
			"faces": {
				"north": {"uv": [0, 0, 16, 3.90625], "texture": "#2"},
				"east": {"uv": [0, 0, 4.3125, 2.9375], "texture": "#2"},
				"south": {"uv": [0, 0, 16, 6.4375], "texture": "#2"},
				"west": {"uv": [0, 0, 2.46875, 15.96875], "rotation": 90, "texture": "#2"},
				"up": {"uv": [0, 0, 16, 5.15625], "rotation": 270, "texture": "#2"},
				"down": {"uv": [0, 0, 16, 6.1875], "rotation": 90, "texture": "#2"}
			}
		},
		{
			"from": [-0.15, 6.9, 6.5],
			"to": [0.85, 8.9, 9.5],
			"rotation": {"angle": 0, "axis": "y", "origin": [12.325, 7.5, 0.475]},
			"faces": {
				"north": {"uv": [0, 0, 16, 3.90625], "texture": "#2"},
				"east": {"uv": [0, 0, 4.3125, 2.9375], "texture": "#2"},
				"south": {"uv": [0, 0, 16, 6.4375], "texture": "#2"},
				"west": {"uv": [0, 0, 2.46875, 15.96875], "rotation": 90, "texture": "#2"},
				"up": {"uv": [0, 0, 16, 5.15625], "rotation": 270, "texture": "#2"},
				"down": {"uv": [0, 0, 16, 6.1875], "rotation": 90, "texture": "#2"}
			}
		},
		{
			"from": [14.85, 6.9, 11],
			"to": [15.85, 8.9, 12],
			"rotation": {"angle": 0, "axis": "y", "origin": [12.325, 7.5, 0.475]},
			"faces": {
				"north": {"uv": [0, 0, 16, 3.90625], "texture": "#2"},
				"east": {"uv": [0, 0, 4.3125, 2.9375], "texture": "#2"},
				"south": {"uv": [0, 0, 16, 6.4375], "texture": "#2"},
				"west": {"uv": [0, 0, 2.46875, 15.96875], "rotation": 90, "texture": "#2"},
				"up": {"uv": [0, 0, 16, 5.15625], "rotation": 270, "texture": "#2"},
				"down": {"uv": [0, 0, 16, 6.1875], "rotation": 90, "texture": "#2"}
			}
		},
		{
			"from": [-0.15, 6.9, 11],
			"to": [0.85, 8.9, 12],
			"rotation": {"angle": 0, "axis": "y", "origin": [12.325, 7.5, 0.475]},
			"faces": {
				"north": {"uv": [0, 0, 16, 3.90625], "texture": "#2"},
				"east": {"uv": [0, 0, 4.3125, 2.9375], "texture": "#2"},
				"south": {"uv": [0, 0, 16, 6.4375], "texture": "#2"},
				"west": {"uv": [0, 0, 2.46875, 15.96875], "rotation": 90, "texture": "#2"},
				"up": {"uv": [0, 0, 16, 5.15625], "rotation": 270, "texture": "#2"},
				"down": {"uv": [0, 0, 16, 6.1875], "rotation": 90, "texture": "#2"}
			}
		},
		{
			"from": [0, 6.9, 3.5],
			"to": [1, 8.9, 5.5],
			"rotation": {"angle": 0, "axis": "y", "origin": [12.325, 7.5, 0.475]},
			"faces": {
				"north": {"uv": [0, 0, 16, 3.90625], "texture": "#2"},
				"east": {"uv": [0, 0, 16, 2.9375], "texture": "#2"},
				"south": {"uv": [0, 0, 16, 6.4375], "texture": "#2"},
				"west": {"uv": [0, 0, 12.4375, 15.96875], "rotation": 90, "texture": "#2"},
				"up": {"uv": [0, 0, 16, 5.15625], "rotation": 270, "texture": "#2"},
				"down": {"uv": [0, 0, 16, 6.1875], "rotation": 90, "texture": "#2"}
			}
		},
		{
			"from": [2.3, 7.5, 15],
			"to": [6.3, 9.5, 16],
			"faces": {
				"north": {"uv": [0, 0, 0.125, 0.0625], "texture": "#2"},
				"east": {"uv": [0, 0, 3.5625, 2.15625], "texture": "#2"},
				"south": {"uv": [0, 0, 16, 8.03125], "texture": "#2"},
				"west": {"uv": [0, 0, 4.59375, 3.34375], "texture": "#2"},
				"up": {"uv": [3.9375, 3.03125, 11.5625, 5.40625], "texture": "#2"},
				"down": {"uv": [0, 0, 0.125, 0.03125], "texture": "#2"}
			}
		},
		{
			"from": [12, 3, 0.3],
			"to": [12.7, 10, 0.6],
			"faces": {
				"north": {"uv": [0, 0, 2.56, 15.904], "texture": "#3"},
				"east": {"uv": [0, 0, 0.00938, 0.21875], "texture": "#3"},
				"south": {"uv": [0, 0, 0.02187, 0.21875], "texture": "#3"},
				"west": {"uv": [0, 0, 0.00938, 0.21875], "texture": "#3"},
				"up": {"uv": [0, 0, 0.02187, 0.00938], "texture": "#3"},
				"down": {"uv": [0, 0, 0.02187, 0.00938], "texture": "#3"}
			}
		},
		{
			"from": [15.15, 4, 4.2],
			"to": [15.45, 7, 4.7],
			"rotation": {"angle": 0, "axis": "y", "origin": [12.325, 7.5, 0.475]},
			"faces": {
				"north": {"uv": [0, 0, 0.00938, 0.21875], "texture": "#3"},
				"east": {"uv": [0, 0, 1.792, 16], "texture": "#3"},
				"south": {"uv": [0, 0, 0.00938, 0.21875], "texture": "#3"},
				"west": {"uv": [0, 0, 2.56, 15.904], "texture": "#3"},
				"up": {"uv": [0, 0, 0.02187, 0.00938], "rotation": 270, "texture": "#3"},
				"down": {"uv": [0, 0, 0.02187, 0.00938], "rotation": 90, "texture": "#3"}
			}
		},
		{
			"from": [0.5, 4, 4.2],
			"to": [0.8, 7, 4.7],
			"rotation": {"angle": 0, "axis": "y", "origin": [12.325, 7.5, 0.475]},
			"faces": {
				"north": {"uv": [0, 0, 0.00938, 0.21875], "texture": "#3"},
				"east": {"uv": [0, 0, 1.792, 16], "texture": "#3"},
				"south": {"uv": [0, 0, 0.00938, 0.21875], "texture": "#3"},
				"west": {"uv": [0, 0, 2.56, 15.904], "texture": "#3"},
				"up": {"uv": [0, 0, 0.02187, 0.00938], "rotation": 270, "texture": "#3"},
				"down": {"uv": [0, 0, 0.02187, 0.00938], "rotation": 90, "texture": "#3"}
			}
		},
		{
			"from": [4, 3, 15.3],
			"to": [4.7, 10, 15.6],
			"faces": {
				"north": {"uv": [0, 0, 0.02187, 0.21875], "texture": "#3"},
				"east": {"uv": [0, 0, 0.00938, 0.21875], "texture": "#3"},
				"south": {"uv": [2.016, 0, 3.776, 16], "texture": "#3"},
				"west": {"uv": [0, 0, 0.00938, 0.21875], "texture": "#3"},
				"up": {"uv": [0, 0, 0.02187, 0.00938], "texture": "#3"},
				"down": {"uv": [0, 0, 0.02187, 0.00938], "texture": "#3"}
			}
		},
		{
			"from": [10.3, 7.5, 0],
			"to": [14.3, 9.5, 1],
			"faces": {
				"north": {"uv": [0, 0, 2.46875, 15.96875], "rotation": 90, "texture": "#2"},
				"east": {"uv": [0, 0, 16, 3.90625], "texture": "#2"},
				"south": {"uv": [0, 0, 16, 2.9375], "texture": "#2"},
				"west": {"uv": [0, 0, 16, 6.4375], "texture": "#2"},
				"up": {"uv": [0, 0, 16, 5.15625], "texture": "#2"},
				"down": {"uv": [0, 0, 16, 6.1875], "texture": "#2"}
			}
		},
		{
			"from": [14.85, 6.9, 3.5],
			"to": [15.85, 8.9, 5.5],
			"rotation": {"angle": 0, "axis": "y", "origin": [12.325, 7.5, 0.475]},
			"faces": {
				"north": {"uv": [0, 0, 16, 3.90625], "texture": "#2"},
				"east": {"uv": [0, 0, 4.3125, 2.9375], "texture": "#2"},
				"south": {"uv": [0, 0, 16, 6.4375], "texture": "#2"},
				"west": {"uv": [0, 0, 2.46875, 15.96875], "rotation": 90, "texture": "#2"},
				"up": {"uv": [0, 0, 16, 5.15625], "rotation": 270, "texture": "#2"},
				"down": {"uv": [0, 0, 16, 6.1875], "rotation": 90, "texture": "#2"}
			}
		},
		{
			"from": [0, 6.9, 3.5],
			"to": [1, 8.9, 5.5],
			"rotation": {"angle": 0, "axis": "y", "origin": [12.325, 7.5, 0.475]},
			"faces": {
				"north": {"uv": [0, 0, 16, 3.90625], "texture": "#2"},
				"east": {"uv": [0, 0, 16, 2.9375], "texture": "#2"},
				"south": {"uv": [0, 0, 16, 6.4375], "texture": "#2"},
				"west": {"uv": [0, 0, 12.4375, 15.96875], "rotation": 90, "texture": "#2"},
				"up": {"uv": [0, 0, 16, 5.15625], "rotation": 270, "texture": "#2"},
				"down": {"uv": [0, 0, 16, 6.1875], "rotation": 90, "texture": "#2"}
			}
		},
		{
			"from": [2.3, 7.5, 15],
			"to": [6.3, 9.5, 16],
			"faces": {
				"north": {"uv": [0, 0, 0.125, 0.0625], "texture": "#2"},
				"east": {"uv": [0, 0, 3.5625, 2.15625], "texture": "#2"},
				"south": {"uv": [0, 0, 16, 8.03125], "texture": "#2"},
				"west": {"uv": [0, 0, 4.59375, 3.34375], "texture": "#2"},
				"up": {"uv": [3.9375, 3.03125, 11.5625, 5.40625], "texture": "#2"},
				"down": {"uv": [0, 0, 0.125, 0.03125], "texture": "#2"}
			}
		}
	],
	"groups": [0, 1, 2, 3, 4, 5, 6, 7, 8, 9, 10, 11, 12, 13,
		{
			"name": "tools",
			"origin": [0, 0, 0],
			"children": [14, 15, 16, 17, 18, 19, 20, 21, 22, 23, 24, 25, 26, 27]
		},
		{
			"name": "tools",
			"origin": [0, 0, 0],
			"children": [28, 29, 30, 31, 32, 33, 34, 35]
		}
	]
}